# revision: master 8efa336 renderer, harness ed8b415
# adapter: llvmpipe (LLVM 21.1.8, 128 bits) (Vulkan, Cpu, llvmpipe Mesa 26.0.1 (LLVM 21.1.8))
# build: release linux-aarch64
# frames: 1000
key	size	glyphs	cold_misses	cold_upload_bytes	cold_allocs	cold_ms	warm_misses	warm_upload_bytes	warm_allocs	control_allocs	warm_ms	warm_ms_p95	warm_ms_p99	control_ms	evictions	growths	atlas_textures	atlas_bytes	ink_pixels	ink_partial	ink_total	ink_bounds
ui@1/swash	560x168	257	161	8691	3415	17.482	0	0	92	91	0.493	0.534	0.563	0.349	0	0	2	327680	8068	7671	2904.8	8,11,538,153
ui@1.5/swash	840x252	257	159	18141	1398	2.586	0	0	92	91	0.888	0.956	1.010	0.712	0	0	2	327680	15130	12029	7371.4	12,17,807,229
ui@2/swash	1120x336	257	154	30386	1358	3.146	0	0	92	91	1.039	1.122	1.211	0.837	0	0	2	327680	24541	15938	14015.2	16,23,1075,305
code@1/swash	560x145	270	145	6671	1310	1.474	0	0	92	91	0.491	0.524	0.554	0.330	0	0	2	327680	6052	5796	2106.2	8,11,505,130
code@1.5/swash	840x218	270	148	14003	1333	1.759	0	0	92	91	0.688	0.727	0.779	0.509	0	0	2	327680	11617	9324	5303.8	13,17,757,196
code@2/swash	1120x290	270	149	23339	1338	2.042	0	0	92	91	0.937	1.137	1.393	0.750	0	0	2	327680	18305	12446	10097.9	17,23,1009,261
cjk@1/swash	560x110	79	72	9644	806	1.197	0	0	92	91	0.345	0.371	0.396	0.293	0	0	2	327680	5655	5537	1753.0	8,12,265,96
cjk@1.5/swash	840x165	79	73	20272	808	1.271	0	0	92	91	0.486	0.521	0.543	0.404	0	0	2	327680	10673	8688	4690.9	12,17,398,145
cjk@2/swash	1120x220	79	71	35137	803	1.503	0	0	92	91	0.663	0.710	0.761	0.561	0	0	2	327680	17067	11568	9001.7	17,23,530,192
emoji@1/swash	560x115	21	21	44400	435	6.577	0	0	92	91	0.318	0.348	0.368	0.300	0	0	2	327680	8230	7979	3996.9	8,10,206,100
emoji@1.5/swash	840x173	21	21	104496	438	6.719	0	0	92	91	0.467	0.506	0.541	0.419	0	0	2	327680	17655	16972	9653.8	13,14,309,152
emoji@2/swash	1120x230	21	21	183668	518	8.349	0	0	92	91	0.648	0.695	0.731	0.579	0	1	2	1114112	29737	27929	17230.1	17,20,412,200
weights@1/swash	560x591	598	576	41584	4278	5.152	0	0	92	91	1.116	1.193	1.242	0.700	0	0	2	327680	28140	22546	12519.0	8,12,231,576
weights@1.5/swash	840x887	598	568	88411	4311	8.732	0	0	92	91	1.909	2.021	2.149	1.434	0	1	2	524288	55689	35809	31186.0	13,17,346,864
weights@2/swash	1120x1182	598	563	150379	4304	10.044	0	0	92	91	2.852	3.069	3.398	2.304	0	1	2	524288	89785	48183	57317.5	17,24,461,1152
